Feature	p_value
Glucose	1.5079349763991536e-40
Age	1.1422001179619011e-17
BMI	1.8441128048230208e-17
Insulin	2.960780912153871e-14
SkinThickness	2.319943618318066e-09
Pregnancies	3.745146414110847e-08
DiabetesPedigreeFunction	1.1965834413919491e-06
BloodPressure	2.2342499021768127e-06
