Feature	p_value
Outcome	8.119574138906058e-169
Insulin	8.285049695758073e-55
Glucose	3.443989370291449e-41
SkinThickness	2.921653601519592e-23
BMI	4.924719299165478e-18
Age	1.1422001179619011e-17
Pregnancies	3.745146414110847e-08
BloodPressure	2.2587487962885723e-07
DiabetesPedigreeFunction	1.1965834413919491e-06
